source,id,x_lines,y_lines,confidence
Swiss,1054,0.00000 0.03546 0.26224 0.47802,0.00000 0.37612 0.43606 0.56294 1.00000,verified
Swiss,42759,0.00000 0.24842 0.75788,0.00000 0.27093 0.37624 0.47975 0.59226 1.00000,verified
Swiss,42761,0.00000 0.03328 0.13711 0.25037 0.25683 0.32042 0.38997 0.41828,0.00000 0.06855 0.32042 0.32886 0.43120 0.44809 0.59762 0.65574 1.00000,verified
Swiss,42762,0.00000 0.05033 0.27609 0.37158 0.37898 0.47372 0.58031 0.58327 0.61658,0.00000 0.10141 0.10215 0.47372 0.48779 0.63583 0.64397 0.96817 1.00000,verified
Swiss,42764,0.00000 0.23892 0.33536 0.73849,0.00000 0.39531 0.42311 0.50130 0.60817 0.62554 1.00000,verified
Swiss,399,0.00000 0.03184 0.24010 0.33993 0.34423 0.74096,0.00000 0.39243 0.49914 0.60069 0.60499 1.00000,verified
Swiss,398,0.00000 0.11892 0.33247 0.61632 0.61719 0.73090,0.00000 0.11719 0.11806 0.39583 0.50087 0.60069 0.88281 1.00000,verified
Swiss,5945,0.00000 0.03962 0.19738 0.24682 0.26463 0.32061 0.37659 0.48746 0.53181 0.57216 0.63541,0.00000 0.29044 0.37659 0.45002 0.47837 0.57143 0.62704 0.71356 0.73028 0.82734 1.00000,verified
Swiss,5946,0.00000 0.04073 0.19745 0.25309 0.31636 0.37600 0.53273 0.57309 0.63236,0.00000 0.14727 0.29055 0.38364 0.45055 0.47927 0.57018 0.62655 0.64764 0.71273 0.79673 1.00000,verified
Swiss,5944,0.00000 0.04079 0.19701 0.24800 0.26766 0.32556 0.37800 0.48835 0.53277 0.57247 0.63438,0.00000 0.29206 0.38237 0.43664 0.47924 0.49818 0.57028 0.71194 0.82593 1.00000,verified
Swiss,5947,0.00000 0.04079 0.19738 0.25273 0.31682 0.37655 0.53350 0.57356 0.63328,0.00000 0.14749 0.29060 0.38383 0.45047 0.47961 0.57065 0.62673 0.64822 0.71377 0.79716 0.96977 1.00000,verified
Swiss,8293,0.00000 0.13031 0.15104 0.20138 0.31491 0.34107 0.44571 0.47384 0.57305 0.83810 0.86673 0.90819 1.00000,0.00000 0.05528 0.16584 0.20977 0.23791 0.26012 0.34501 0.36920 0.46249 0.55380 0.57108,verified
Swiss,8294,0.00000 0.32657 0.37420 0.47525 0.52661 0.57755 0.65479 0.71298 0.76869 0.93291 1.00000,0.00000 0.03044 0.06792 0.10913 0.18679 0.29571,verified
Swiss,6741,0.00000 0.41808 0.52577 0.57154 0.72269 1.00000,0.00000 0.11346 0.27385 0.35154 0.46577 0.54077 0.56192 0.61231 0.70038 0.81808,verified
Swiss,6742,0.00000 0.48079 0.51416 0.59565 0.66550 0.75475 0.96430 1.00000,0.00000 0.11447 0.21265 0.29220 0.41172 0.46954 0.49243 0.58983 0.70586,verified
Swiss,8030,0.00000 0.04523 0.14844 0.17722 0.20559 0.23150 0.27426 0.29071 0.35938 0.39145 0.44696 0.50123 0.53988 0.57360 0.62007 0.71875 0.74424 0.76398,0.00000 0.13775 0.21094 0.23972 0.28536 0.31785 0.40707 0.43174 0.49959 0.55962 0.58141 0.59951 0.65913 0.75822 0.81538 1.00000,verified
Swiss,8006,0.00000 0.05635 0.20558 0.24010 0.27919 0.31015 0.39492 0.41421 0.49898 0.53858 0.59848 0.64822 0.68223 0.74670 0.81827 0.97462 1.00000,0.00000 0.20558 0.27817 0.30102 0.32944 0.40254 0.52132 0.58782 0.82234,verified
Swiss,7992,0.00000 0.07664 0.18320 0.22582 0.24508 0.31926 0.33607 0.40451 0.43689 0.49508 0.55369 0.58115 0.67131 0.74631 0.81107,0.00000 0.16516 0.22705 0.25697 0.28238 0.30820 0.33402 0.43033 0.50041 0.55984 0.57746 0.60000 0.65984 0.75902 0.81557 1.00000,verified
Swiss,8029,0.00000 0.09508 0.14220 0.19433 0.22519 0.24854 0.25480 0.27314 0.32569 0.40492 0.43745 0.55963 0.66597 0.69808 0.81151,0.00000 0.16806 0.17932 0.23645 0.33653 0.41410 0.49958 0.55922 0.58173 0.59967 0.65930 0.75855 0.82944 0.83028 1.00000,verified
Swiss,8005,0.00000 0.05590 0.20564 0.24000 0.27949 0.31026 0.39487 0.41436 0.49949 0.53846 0.59897 0.68256 0.74667 0.81846 0.97487 1.00000,0.00000 0.20513 0.27795 0.30103 0.32923 0.40205 0.52103 0.58718 0.82205,verified
Swiss,7990,0.00000 0.04527 0.14815 0.17737 0.20535 0.23128 0.27407 0.29095 0.35926 0.39136 0.44691 0.50082 0.53992 0.57366 0.62016 0.71893 0.74444 0.76420,0.00000 0.13745 0.21070 0.23951 0.28519 0.31770 0.40700 0.43210 0.49959 0.55926 0.58148 0.59959 0.65926 0.75844 0.81564 1.00000,verified
Swiss,7991,0.00000 0.06720 0.11806 0.26785 0.30378 0.32898 0.39664 0.47410 0.51050 0.57256 0.63509 0.70229 0.76995 0.88194 0.93280 1.00000,0.00000 0.15632 0.23892 0.27205 0.32338 0.36071 0.37844 0.46150 0.48997 0.56650 0.63462 0.65982 0.68035 0.75362,verified
Swiss,8004,0.00000 0.04527 0.14321 0.19671 0.22675 0.25103 0.31605 0.33704 0.40576 0.43745 0.49300 0.54733 0.58230 0.62016 0.66502 0.76420 0.78930 0.80905,0.00000 0.17819 0.21111 0.28519 0.31770 0.33951 0.35679 0.41152 0.49918 0.55967 0.57737 0.59959 0.65926 0.75844 0.81564 1.00000,verified
Swiss,7995,0.00000 0.05609 0.20551 0.23967 0.27945 0.31005 0.39470 0.41407 0.49924 0.53850 0.59867 0.68180 0.74656 0.81795 0.97450 1.00000,0.00000 0.20551 0.27792 0.30138 0.32942 0.40235 0.52116 0.58746 0.82203,verified
Swiss,8032,0.00000 0.23654 0.27352 0.38227 0.40294 0.47036 0.51223 0.58401 0.62099 0.65742 0.73355 0.81240 1.00000,0.00000 0.08374 0.21697 0.29473 0.32355 0.34747 0.43121,verified
